{
  "_id": "6558c44cecc914091d258755",
  "version": 2.1,
  "name": "",
  "description": "",
  "screenSize": {
    "w": 1280,
    "h": 720
  },
  "type": "desktop",
  "screens": {
    "s10000_16187": {
      "x": 1285,
      "y": 1080,
      "h": 720,
      "w": 1280,
      "name": "Screen",
      "type": "Screen",
      "style": {
        "background": "#ffffff"
      },
      "min": {
        "w": 1280,
        "h": 720
      },
      "has": {
        "image": true
      },
      "props": {
        "start": true
      },
      "children": [
        "w10001_75319",
        "w10006_12425",
        "w10007_65156",
        "w10009_71808",
        "w10010_35334",
        "w10011_1227",
        "w10036_31439",
        "w10038_98477",
        "w10039_2711",
        "w10040_38119"
      ],
      "id": "s10000_16187"
    },
    "s10012_58784": {
      "x": 2591,
      "y": 1080,
      "h": 720,
      "w": 1280,
      "name": "Screen 1",
      "type": "Screen",
      "style": {
        "background": "#ffffff"
      },
      "min": {
        "w": 1280,
        "h": 720
      },
      "has": {
        "image": true
      },
      "props": {},
      "children": [
        "w10013_3030",
        "w10014_63835",
        "w10015_97835",
        "w10016_41949",
        "w10018_59721",
        "w10017_3416",
        "w10041_78597"
      ],
      "id": "s10012_58784",
      "modified": 1700317246877
    },
    "s10019_95912": {
      "x": 3956,
      "y": 1080,
      "h": 720,
      "w": 1280,
      "name": "Screen 2",
      "type": "Screen",
      "style": {
        "background": "#ffffff"
      },
      "min": {
        "w": 1280,
        "h": 720
      },
      "has": {
        "image": true
      },
      "props": {},
      "children": [
        "w10020_55834",
        "w10021_40188",
        "w10022_73412",
        "w10023_17681",
        "w10024_42270",
        "w10025_52321",
        "w10042_80881",
        "w10043_51416"
      ],
      "id": "s10019_95912",
      "modified": 1700317259588
    }
  },
  "widgets": {
    "w10001_75319": {
      "type": "Button",
      "name": "Box",
      "x": 1285,
      "y": 1080,
      "w": 1280,
      "h": 224,
      "z": 1,
      "props": {
        "label": ""
      },
      "has": {
        "backgroundColor": true,
        "border": true,
        "label": true,
        "padding": true,
        "onclick": true
      },
      "actions": {},
      "style": {
        "fontSize": 14,
        "fontFamily": "Helvetica Neue,Helvetica,Arial,sans-serif",
        "textAlign": "left",
        "letterSpacing": 0,
        "lineHeight": 1.4,
        "color": "#ffffff",
        "borderTopRightRadius": 0,
        "borderTopLeftRadius": 0,
        "borderBottomRightRadius": 0,
        "borderBottomLeftRadius": 0,
        "borderTopWidth": 0,
        "borderBottomWidth": 0,
        "borderRightWidth": 0,
        "borderLeftWidth": 0,
        "borderTopColor": "#333333",
        "borderBottomColor": "#333333",
        "borderRightColor": "#333333",
        "borderLeftColor": "#333333",
        "background": "#ffffff",
        "paddingTop": 0,
        "paddingBottom": 0,
        "paddingLeft": 0,
        "paddingRight": 0,
        "textShadow": null
      },
      "id": "w10001_75319",
      "created": 1700316250884,
      "modified": 1700317060636
    },
    "w10006_12425": {
      "type": "Image",
      "name": "Captura de tela 2023-11-18 111039.png",
      "x": 1285,
      "y": 1674,
      "w": 551,
      "h": 126,
      "z": 5,
      "props": {},
      "has": {
        "image": true,
        "onclick": true,
        "backgroundImage": true,
        "border": true
      },
      "actions": {},
      "style": {
        "borderTopRightRadius": 0,
        "borderTopLeftRadius": 0,
        "borderBottomRightRadius": 0,
        "borderBottomLeftRadius": 0,
        "borderTopWidth": 0,
        "borderBottomWidth": 0,
        "borderRightWidth": 0,
        "borderLeftWidth": 0,
        "borderTopColor": "#333333",
        "borderBottomColor": "#333333",
        "borderRightColor": "#333333",
        "borderLeftColor": "#333333",
        "backgroundImage": {
          "name": "Captura de tela 2023-11-18 111039.png",
          "url": "image0.png",
          "w": 923,
          "h": 212
        }
      },
      "id": "w10006_12425",
      "created": 1700316664161,
      "modified": 1700316679418
    },
    "w10007_65156": {
      "type": "Button",
      "name": "Box 2",
      "x": 1812,
      "y": 1674,
      "w": 753,
      "h": 126,
      "z": 6,
      "props": {
        "label": ""
      },
      "has": {
        "backgroundColor": true,
        "border": true,
        "label": true,
        "padding": true,
        "onclick": true
      },
      "actions": {},
      "style": {
        "fontSize": 14,
        "fontFamily": "Helvetica Neue,Helvetica,Arial,sans-serif",
        "textAlign": "left",
        "letterSpacing": 0,
        "lineHeight": 1.4,
        "color": "#ffffff",
        "borderTopRightRadius": 0,
        "borderTopLeftRadius": 0,
        "borderBottomRightRadius": 0,
        "borderBottomLeftRadius": 0,
        "borderTopWidth": 0,
        "borderBottomWidth": 0,
        "borderRightWidth": 0,
        "borderLeftWidth": 0,
        "borderTopColor": "#333333",
        "borderBottomColor": "#333333",
        "borderRightColor": "#333333",
        "borderLeftColor": "#333333",
        "background": "#f6f6f6",
        "paddingTop": 0,
        "paddingBottom": 0,
        "paddingLeft": 0,
        "paddingRight": 0,
        "textShadow": null
      },
      "id": "w10007_65156",
      "created": 1700316789215,
      "modified": 1700316794139
    },
    "w10009_71808": {
      "type": "Image",
      "name": "images.png",
      "x": 1325,
      "y": 1113,
      "w": 300,
      "h": 103,
      "z": 9,
      "props": {},
      "has": {
        "image": true,
        "onclick": true,
        "backgroundImage": true,
        "border": true
      },
      "actions": {},
      "style": {
        "borderTopRightRadius": 0,
        "borderTopLeftRadius": 0,
        "borderBottomRightRadius": 0,
        "borderBottomLeftRadius": 0,
        "borderTopWidth": 0,
        "borderBottomWidth": 0,
        "borderRightWidth": 0,
        "borderLeftWidth": 0,
        "borderTopColor": "#333333",
        "borderBottomColor": "#333333",
        "borderRightColor": "#333333",
        "borderLeftColor": "#333333",
        "backgroundImage": {
          "name": "images.png",
          "url": "image1.png",
          "w": 354,
          "h": 122
        }
      },
      "id": "w10009_71808",
      "created": 1700317044703,
      "modified": 1700317046901
    },
    "w10010_35334": {
      "type": "Image",
      "name": "Captura de tela 2023-11-18 111757.png",
      "x": 1285,
      "y": 1080,
      "w": 1280,
      "h": 29,
      "z": 11,
      "props": {},
      "has": {
        "image": true,
        "onclick": true,
        "backgroundImage": true,
        "border": true
      },
      "actions": {},
      "style": {
        "borderTopRightRadius": 0,
        "borderTopLeftRadius": 0,
        "borderBottomRightRadius": 0,
        "borderBottomLeftRadius": 0,
        "borderTopWidth": 0,
        "borderBottomWidth": 0,
        "borderRightWidth": 0,
        "borderLeftWidth": 0,
        "borderTopColor": "#333333",
        "borderBottomColor": "#333333",
        "borderRightColor": "#333333",
        "borderLeftColor": "#333333",
        "backgroundImage": {
          "name": "Captura de tela 2023-11-18 111757.png",
          "url": "image2.png",
          "w": 1920,
          "h": 39
        }
      },
      "id": "w10010_35334",
      "created": 1700317086697,
      "modified": 1700317121739
    },
    "w10011_1227": {
      "type": "Image",
      "name": "Captura de tela 2023-11-18 111922.png",
      "x": 1285,
      "y": 1228,
      "w": 1280,
      "h": 31,
      "z": 13,
      "props": {},
      "has": {
        "image": true,
        "onclick": true,
        "backgroundImage": true,
        "border": true
      },
      "actions": {},
      "style": {
        "borderTopRightRadius": 0,
        "borderTopLeftRadius": 0,
        "borderBottomRightRadius": 0,
        "borderBottomLeftRadius": 0,
        "borderTopWidth": 0,
        "borderBottomWidth": 0,
        "borderRightWidth": 0,
        "borderLeftWidth": 0,
        "borderTopColor": "#333333",
        "borderBottomColor": "#333333",
        "borderRightColor": "#333333",
        "borderLeftColor": "#333333",
        "backgroundImage": {
          "name": "Captura de tela 2023-11-18 111922.png",
          "url": "image3.png",
          "w": 1911,
          "h": 49
        }
      },
      "id": "w10011_1227",
      "created": 1700317173300,
      "modified": 1700317198868
    },
    "w10013_3030": {
      "type": "Button",
      "name": "Box",
      "x": 2591,
      "y": 1080,
      "w": 1280,
      "h": 224,
      "z": 1,
      "props": {
        "label": ""
      },
      "has": {
        "backgroundColor": true,
        "border": true,
        "label": true,
        "padding": true,
        "onclick": true
      },
      "actions": {},
      "style": {
        "fontSize": 14,
        "fontFamily": "Helvetica Neue,Helvetica,Arial,sans-serif",
        "textAlign": "left",
        "letterSpacing": 0,
        "lineHeight": 1.4,
        "color": "#ffffff",
        "borderTopRightRadius": 0,
        "borderTopLeftRadius": 0,
        "borderBottomRightRadius": 0,
        "borderBottomLeftRadius": 0,
        "borderTopWidth": 0,
        "borderBottomWidth": 0,
        "borderRightWidth": 0,
        "borderLeftWidth": 0,
        "borderTopColor": "#333333",
        "borderBottomColor": "#333333",
        "borderRightColor": "#333333",
        "borderLeftColor": "#333333",
        "background": "#ffffff",
        "paddingTop": 0,
        "paddingBottom": 0,
        "paddingLeft": 0,
        "paddingRight": 0,
        "textShadow": null
      },
      "id": "w10013_3030",
      "created": 1700316250884,
      "modified": 1700317246877,
      "copyOf": "w10001_75319"
    },
    "w10014_63835": {
      "type": "Image",
      "name": "Captura de tela 2023-11-18 111039.png",
      "x": 2591,
      "y": 1674,
      "w": 551,
      "h": 126,
      "z": 2,
      "props": {},
      "has": {
        "image": true,
        "onclick": true,
        "backgroundImage": true,
        "border": true
      },
      "actions": {},
      "style": {
        "borderTopRightRadius": 0,
        "borderTopLeftRadius": 0,
        "borderBottomRightRadius": 0,
        "borderBottomLeftRadius": 0,
        "borderTopWidth": 0,
        "borderBottomWidth": 0,
        "borderRightWidth": 0,
        "borderLeftWidth": 0,
        "borderTopColor": "#333333",
        "borderBottomColor": "#333333",
        "borderRightColor": "#333333",
        "borderLeftColor": "#333333",
        "backgroundImage": {
          "name": "Captura de tela 2023-11-18 111039.png",
          "url": "image4.png",
          "w": 923,
          "h": 212
        }
      },
      "id": "w10014_63835",
      "created": 1700316664161,
      "modified": 1700317246877,
      "copyOf": "w10006_12425"
    },
    "w10015_97835": {
      "type": "Button",
      "name": "Box 2",
      "x": 3118,
      "y": 1674,
      "w": 753,
      "h": 126,
      "z": 3,
      "props": {
        "label": ""
      },
      "has": {
        "backgroundColor": true,
        "border": true,
        "label": true,
        "padding": true,
        "onclick": true
      },
      "actions": {},
      "style": {
        "fontSize": 14,
        "fontFamily": "Helvetica Neue,Helvetica,Arial,sans-serif",
        "textAlign": "left",
        "letterSpacing": 0,
        "lineHeight": 1.4,
        "color": "#ffffff",
        "borderTopRightRadius": 0,
        "borderTopLeftRadius": 0,
        "borderBottomRightRadius": 0,
        "borderBottomLeftRadius": 0,
        "borderTopWidth": 0,
        "borderBottomWidth": 0,
        "borderRightWidth": 0,
        "borderLeftWidth": 0,
        "borderTopColor": "#333333",
        "borderBottomColor": "#333333",
        "borderRightColor": "#333333",
        "borderLeftColor": "#333333",
        "background": "#f6f6f6",
        "paddingTop": 0,
        "paddingBottom": 0,
        "paddingLeft": 0,
        "paddingRight": 0,
        "textShadow": null
      },
      "id": "w10015_97835",
      "created": 1700316789215,
      "modified": 1700317246877,
      "copyOf": "w10007_65156"
    },
    "w10016_41949": {
      "type": "Image",
      "name": "images.png",
      "x": 2631,
      "y": 1113,
      "w": 300,
      "h": 103,
      "z": 4,
      "props": {},
      "has": {
        "image": true,
        "onclick": true,
        "backgroundImage": true,
        "border": true
      },
      "actions": {},
      "style": {
        "borderTopRightRadius": 0,
        "borderTopLeftRadius": 0,
        "borderBottomRightRadius": 0,
        "borderBottomLeftRadius": 0,
        "borderTopWidth": 0,
        "borderBottomWidth": 0,
        "borderRightWidth": 0,
        "borderLeftWidth": 0,
        "borderTopColor": "#333333",
        "borderBottomColor": "#333333",
        "borderRightColor": "#333333",
        "borderLeftColor": "#333333",
        "backgroundImage": {
          "name": "images.png",
          "url": "image5.png",
          "w": 354,
          "h": 122
        }
      },
      "id": "w10016_41949",
      "created": 1700317044703,
      "modified": 1700317246877,
      "copyOf": "w10009_71808"
    },
    "w10017_3416": {
      "type": "Image",
      "name": "Captura de tela 2023-11-18 111757.png",
      "x": 2591,
      "y": 1080,
      "w": 1280,
      "h": 29,
      "z": 5,
      "props": {},
      "has": {
        "image": true,
        "onclick": true,
        "backgroundImage": true,
        "border": true
      },
      "actions": {},
      "style": {
        "borderTopRightRadius": 0,
        "borderTopLeftRadius": 0,
        "borderBottomRightRadius": 0,
        "borderBottomLeftRadius": 0,
        "borderTopWidth": 0,
        "borderBottomWidth": 0,
        "borderRightWidth": 0,
        "borderLeftWidth": 0,
        "borderTopColor": "#333333",
        "borderBottomColor": "#333333",
        "borderRightColor": "#333333",
        "borderLeftColor": "#333333",
        "backgroundImage": {
          "name": "Captura de tela 2023-11-18 111757.png",
          "url": "image6.png",
          "w": 1920,
          "h": 39
        }
      },
      "id": "w10017_3416",
      "created": 1700317086697,
      "modified": 1700317246877,
      "copyOf": "w10010_35334"
    },
    "w10018_59721": {
      "type": "Image",
      "name": "Captura de tela 2023-11-18 111922.png",
      "x": 2591,
      "y": 1228,
      "w": 1280,
      "h": 31,
      "z": 6,
      "props": {},
      "has": {
        "image": true,
        "onclick": true,
        "backgroundImage": true,
        "border": true
      },
      "actions": {},
      "style": {
        "borderTopRightRadius": 0,
        "borderTopLeftRadius": 0,
        "borderBottomRightRadius": 0,
        "borderBottomLeftRadius": 0,
        "borderTopWidth": 0,
        "borderBottomWidth": 0,
        "borderRightWidth": 0,
        "borderLeftWidth": 0,
        "borderTopColor": "#333333",
        "borderBottomColor": "#333333",
        "borderRightColor": "#333333",
        "borderLeftColor": "#333333",
        "backgroundImage": {
          "name": "Captura de tela 2023-11-18 111922.png",
          "url": "image7.png",
          "w": 1911,
          "h": 49
        }
      },
      "id": "w10018_59721",
      "created": 1700317173300,
      "modified": 1700317246877,
      "copyOf": "w10011_1227"
    },
    "w10020_55834": {
      "type": "Button",
      "name": "Box",
      "x": 3956,
      "y": 1080,
      "w": 1280,
      "h": 224,
      "z": 1,
      "props": {
        "label": ""
      },
      "has": {
        "backgroundColor": true,
        "border": true,
        "label": true,
        "padding": true,
        "onclick": true
      },
      "actions": {},
      "style": {
        "fontSize": 14,
        "fontFamily": "Helvetica Neue,Helvetica,Arial,sans-serif",
        "textAlign": "left",
        "letterSpacing": 0,
        "lineHeight": 1.4,
        "color": "#ffffff",
        "borderTopRightRadius": 0,
        "borderTopLeftRadius": 0,
        "borderBottomRightRadius": 0,
        "borderBottomLeftRadius": 0,
        "borderTopWidth": 0,
        "borderBottomWidth": 0,
        "borderRightWidth": 0,
        "borderLeftWidth": 0,
        "borderTopColor": "#333333",
        "borderBottomColor": "#333333",
        "borderRightColor": "#333333",
        "borderLeftColor": "#333333",
        "background": "#ffffff",
        "paddingTop": 0,
        "paddingBottom": 0,
        "paddingLeft": 0,
        "paddingRight": 0,
        "textShadow": null
      },
      "id": "w10020_55834",
      "created": 1700316250884,
      "modified": 1700317259588,
      "copyOf": "w10001_75319"
    },
    "w10021_40188": {
      "type": "Image",
      "name": "Captura de tela 2023-11-18 111039.png",
      "x": 3956,
      "y": 1674,
      "w": 551,
      "h": 126,
      "z": 2,
      "props": {},
      "has": {
        "image": true,
        "onclick": true,
        "backgroundImage": true,
        "border": true
      },
      "actions": {},
      "style": {
        "borderTopRightRadius": 0,
        "borderTopLeftRadius": 0,
        "borderBottomRightRadius": 0,
        "borderBottomLeftRadius": 0,
        "borderTopWidth": 0,
        "borderBottomWidth": 0,
        "borderRightWidth": 0,
        "borderLeftWidth": 0,
        "borderTopColor": "#333333",
        "borderBottomColor": "#333333",
        "borderRightColor": "#333333",
        "borderLeftColor": "#333333",
        "backgroundImage": {
          "name": "Captura de tela 2023-11-18 111039.png",
          "url": "image8.png",
          "w": 923,
          "h": 212
        }
      },
      "id": "w10021_40188",
      "created": 1700316664161,
      "modified": 1700317259588,
      "copyOf": "w10006_12425"
    },
    "w10022_73412": {
      "type": "Button",
      "name": "Box 2",
      "x": 4483,
      "y": 1674,
      "w": 753,
      "h": 126,
      "z": 3,
      "props": {
        "label": ""
      },
      "has": {
        "backgroundColor": true,
        "border": true,
        "label": true,
        "padding": true,
        "onclick": true
      },
      "actions": {},
      "style": {
        "fontSize": 14,
        "fontFamily": "Helvetica Neue,Helvetica,Arial,sans-serif",
        "textAlign": "left",
        "letterSpacing": 0,
        "lineHeight": 1.4,
        "color": "#ffffff",
        "borderTopRightRadius": 0,
        "borderTopLeftRadius": 0,
        "borderBottomRightRadius": 0,
        "borderBottomLeftRadius": 0,
        "borderTopWidth": 0,
        "borderBottomWidth": 0,
        "borderRightWidth": 0,
        "borderLeftWidth": 0,
        "borderTopColor": "#333333",
        "borderBottomColor": "#333333",
        "borderRightColor": "#333333",
        "borderLeftColor": "#333333",
        "background": "#f6f6f6",
        "paddingTop": 0,
        "paddingBottom": 0,
        "paddingLeft": 0,
        "paddingRight": 0,
        "textShadow": null
      },
      "id": "w10022_73412",
      "created": 1700316789215,
      "modified": 1700317259588,
      "copyOf": "w10007_65156"
    },
    "w10023_17681": {
      "type": "Image",
      "name": "images.png",
      "x": 3996,
      "y": 1113,
      "w": 300,
      "h": 103,
      "z": 4,
      "props": {},
      "has": {
        "image": true,
        "onclick": true,
        "backgroundImage": true,
        "border": true
      },
      "actions": {},
      "style": {
        "borderTopRightRadius": 0,
        "borderTopLeftRadius": 0,
        "borderBottomRightRadius": 0,
        "borderBottomLeftRadius": 0,
        "borderTopWidth": 0,
        "borderBottomWidth": 0,
        "borderRightWidth": 0,
        "borderLeftWidth": 0,
        "borderTopColor": "#333333",
        "borderBottomColor": "#333333",
        "borderRightColor": "#333333",
        "borderLeftColor": "#333333",
        "backgroundImage": {
          "name": "images.png",
          "url": "image9.png",
          "w": 354,
          "h": 122
        }
      },
      "id": "w10023_17681",
      "created": 1700317044703,
      "modified": 1700317259588,
      "copyOf": "w10009_71808"
    },
    "w10024_42270": {
      "type": "Image",
      "name": "Captura de tela 2023-11-18 111757.png",
      "x": 3956,
      "y": 1080,
      "w": 1280,
      "h": 29,
      "z": 5,
      "props": {},
      "has": {
        "image": true,
        "onclick": true,
        "backgroundImage": true,
        "border": true
      },
      "actions": {},
      "style": {
        "borderTopRightRadius": 0,
        "borderTopLeftRadius": 0,
        "borderBottomRightRadius": 0,
        "borderBottomLeftRadius": 0,
        "borderTopWidth": 0,
        "borderBottomWidth": 0,
        "borderRightWidth": 0,
        "borderLeftWidth": 0,
        "borderTopColor": "#333333",
        "borderBottomColor": "#333333",
        "borderRightColor": "#333333",
        "borderLeftColor": "#333333",
        "backgroundImage": {
          "name": "Captura de tela 2023-11-18 111757.png",
          "url": "image10.png",
          "w": 1920,
          "h": 39
        }
      },
      "id": "w10024_42270",
      "created": 1700317086697,
      "modified": 1700317259588,
      "copyOf": "w10010_35334"
    },
    "w10025_52321": {
      "type": "Image",
      "name": "Captura de tela 2023-11-18 111922.png",
      "x": 3956,
      "y": 1228,
      "w": 1280,
      "h": 31,
      "z": 6,
      "props": {},
      "has": {
        "image": true,
        "onclick": true,
        "backgroundImage": true,
        "border": true
      },
      "actions": {},
      "style": {
        "borderTopRightRadius": 0,
        "borderTopLeftRadius": 0,
        "borderBottomRightRadius": 0,
        "borderBottomLeftRadius": 0,
        "borderTopWidth": 0,
        "borderBottomWidth": 0,
        "borderRightWidth": 0,
        "borderLeftWidth": 0,
        "borderTopColor": "#333333",
        "borderBottomColor": "#333333",
        "borderRightColor": "#333333",
        "borderLeftColor": "#333333",
        "backgroundImage": {
          "name": "Captura de tela 2023-11-18 111922.png",
          "url": "image11.png",
          "w": 1911,
          "h": 49
        }
      },
      "id": "w10025_52321",
      "created": 1700317173300,
      "modified": 1700317259588,
      "copyOf": "w10011_1227"
    },
    "w10036_31439": {
      "type": "Image",
      "name": "Captura de tela 2023-11-18 112714.png",
      "x": 1285,
      "y": 1357,
      "w": 1280,
      "h": 178,
      "z": 15,
      "props": {},
      "has": {
        "image": true,
        "onclick": true,
        "backgroundImage": true,
        "border": true
      },
      "actions": {},
      "style": {
        "borderTopRightRadius": 0,
        "borderTopLeftRadius": 0,
        "borderBottomRightRadius": 0,
        "borderBottomLeftRadius": 0,
        "borderTopWidth": 0,
        "borderBottomWidth": 0,
        "borderRightWidth": 0,
        "borderLeftWidth": 0,
        "borderTopColor": "#333333",
        "borderBottomColor": "#333333",
        "borderRightColor": "#333333",
        "borderLeftColor": "#333333",
        "backgroundImage": {
          "name": "Captura de tela 2023-11-18 112714.png",
          "url": "image12.png",
          "w": 1786,
          "h": 199
        }
      },
      "id": "w10036_31439",
      "created": 1700317642031,
      "modified": 1700317662637
    },
    "w10038_98477": {
      "type": "Button",
      "name": "Box 1",
      "x": 1348,
      "y": 1410,
      "w": 121,
      "h": 62,
      "z": 16,
      "props": {
        "label": ""
      },
      "has": {
        "backgroundColor": true,
        "border": true,
        "label": true,
        "padding": true,
        "onclick": true
      },
      "actions": {},
      "style": {
        "fontSize": 14,
        "fontFamily": "Helvetica Neue,Helvetica,Arial,sans-serif",
        "textAlign": "left",
        "letterSpacing": 0,
        "lineHeight": 1.4,
        "color": "#ffffff",
        "borderTopRightRadius": 0,
        "borderTopLeftRadius": 0,
        "borderBottomRightRadius": 0,
        "borderBottomLeftRadius": 0,
        "borderTopWidth": 0,
        "borderBottomWidth": 0,
        "borderRightWidth": 0,
        "borderLeftWidth": 0,
        "borderTopColor": "#333333",
        "borderBottomColor": "#333333",
        "borderRightColor": "#333333",
        "borderLeftColor": "#333333",
        "background": "#fbfbfb",
        "paddingTop": 0,
        "paddingBottom": 0,
        "paddingLeft": 0,
        "paddingRight": 0,
        "textShadow": null
      },
      "id": "w10038_98477",
      "created": 1700317681301,
      "modified": 1700317705770
    },
    "w10039_2711": {
      "type": "Label",
      "name": "Label",
      "x": 1389,
      "y": 1463,
      "w": 54,
      "h": 24,
      "z": 17,
      "props": {
        "label": "UPA"
      },
      "has": {
        "label": true,
        "padding": true,
        "advancedText": true
      },
      "style": {
        "fontSize": "16",
        "fontFamily": "Roboto, sans-serif",
        "textAlign": "left",
        "letterSpacing": 0,
        "lineHeight": 1,
        "color": "#333333",
        "textShadow": null
      },
      "id": "w10039_2711",
      "created": 1700317712493,
      "modified": 1700317823488
    },
    "w10040_38119": {
      "type": "Image",
      "name": "kisspng-american-red-cross-basic-first-aid-clip-art-blood-american-red-cross-lifeguard-certification-in-new-5b7b8bac5b5006.136114131534823340374.png",
      "x": 1367,
      "y": 1398,
      "w": 66,
      "h": 57,
      "z": 19,
      "props": {},
      "has": {
        "image": true,
        "onclick": true,
        "backgroundImage": true,
        "border": true
      },
      "actions": {},
      "style": {
        "borderTopRightRadius": 0,
        "borderTopLeftRadius": 0,
        "borderBottomRightRadius": 0,
        "borderBottomLeftRadius": 0,
        "borderTopWidth": 0,
        "borderBottomWidth": 0,
        "borderRightWidth": 0,
        "borderLeftWidth": 0,
        "borderTopColor": "#333333",
        "borderBottomColor": "#333333",
        "borderRightColor": "#333333",
        "borderLeftColor": "#333333",
        "backgroundImage": {
          "name": "kisspng-american-red-cross-basic-first-aid-clip-art-blood-american-red-cross-lifeguard-certification-in-new-5b7b8bac5b5006.136114131534823340374.png",
          "url": "image13.png",
          "w": 462,
          "h": 600
        }
      },
      "id": "w10040_38119",
      "created": 1700317898888,
      "modified": 1700317923460
    },
    "w10041_78597": {
      "type": "Image",
      "name": "Captura de tela 2023-11-18 113317.png",
      "x": 2631,
      "y": 1316,
      "w": 697,
      "h": 377,
      "z": 21,
      "props": {},
      "has": {
        "image": true,
        "onclick": true,
        "backgroundImage": true,
        "border": true
      },
      "actions": {},
      "style": {
        "borderTopRightRadius": 0,
        "borderTopLeftRadius": 0,
        "borderBottomRightRadius": 0,
        "borderBottomLeftRadius": 0,
        "borderTopWidth": 0,
        "borderBottomWidth": 0,
        "borderRightWidth": 0,
        "borderLeftWidth": 0,
        "borderTopColor": "#333333",
        "borderBottomColor": "#333333",
        "borderRightColor": "#333333",
        "borderLeftColor": "#333333",
        "backgroundImage": {
          "name": "Captura de tela 2023-11-18 113317.png",
          "url": "image14.png",
          "w": 666,
          "h": 336
        }
      },
      "id": "w10041_78597",
      "created": 1700318004610,
      "modified": 1700318012645
    },
    "w10042_80881": {
      "type": "Button",
      "name": "Box 1",
      "x": 4007,
      "y": 1311,
      "w": 1129,
      "h": 325,
      "z": 22,
      "props": {
        "label": ""
      },
      "has": {
        "backgroundColor": true,
        "border": true,
        "label": true,
        "padding": true,
        "onclick": true
      },
      "actions": {},
      "style": {
        "fontSize": 14,
        "fontFamily": "Helvetica Neue,Helvetica,Arial,sans-serif",
        "textAlign": "left",
        "letterSpacing": 0,
        "lineHeight": 1.4,
        "color": "#ffffff",
        "borderTopRightRadius": 0,
        "borderTopLeftRadius": 0,
        "borderBottomRightRadius": 0,
        "borderBottomLeftRadius": 0,
        "borderTopWidth": 0,
        "borderBottomWidth": 0,
        "borderRightWidth": 0,
        "borderLeftWidth": 0,
        "borderTopColor": "#333333",
        "borderBottomColor": "#333333",
        "borderRightColor": "#333333",
        "borderLeftColor": "#333333",
        "background": "#fbfbfb",
        "paddingTop": 0,
        "paddingBottom": 0,
        "paddingLeft": 0,
        "paddingRight": 0,
        "textShadow": null
      },
      "id": "w10042_80881",
      "created": 1700318026717
    },
    "w10043_51416": {
      "type": "Label",
      "name": "Label",
      "x": 4013,
      "y": 1314,
      "w": 1117,
      "h": 310,
      "z": 23,
      "props": {
        "label": "Pronto Atendimento da Glória - UPA\nEndereço: Av. Carlos Lindenberg, 1126 - Glória, Vila Velha - ES, 29111-165\r\nHorário de funcionamento: \r\nAberto 24 horas\r\nTelefone: (27) 3149-2000\n\nPronto Socorro: Hospital Praia da Costa:\nLocalizado em: Meridional Praia da Costa\r\nEndereço: R. Prof. Telmo de Souza Torres, 117 - Praia da Costa, Vila Velha - ES, 29101-295\r\nTelefone: (27) 2121-0253\n\n\n"
      },
      "has": {
        "label": true,
        "padding": true,
        "advancedText": true
      },
      "style": {
        "fontSize": 16,
        "fontFamily": "Roboto, sans-serif",
        "textAlign": "left",
        "letterSpacing": 0,
        "lineHeight": 1,
        "color": "#333333",
        "textShadow": null
      },
      "id": "w10043_51416",
      "created": 1700318034466,
      "modified": 1700318113513
    }
  },
  "lines": {
    "l10030_55119": {
      "id": "l10030_55119",
      "from": "s10000_16187",
      "to": "s10012_58784",
      "points": [],
      "event": "click"
    },
    "l10034_17806": {
      "id": "l10034_17806",
      "from": "s10019_95912",
      "to": "s10000_16187",
      "points": [],
      "event": "click"
    },
    "l10044_76038": {
      "id": "l10044_76038",
      "from": "s10012_58784",
      "to": "s10019_95912",
      "points": [],
      "event": "click"
    }
  },
  "groups": {},
  "templates": {},
  "designtokens": {},
  "lastUUID": 10045,
  "lastUpdate": 1700318206308,
  "created": 1700316236152,
  "startScreen": "",
  "grid": {
    "w": 8,
    "h": 8,
    "style": "line",
    "color": "#cecece",
    "visible": false,
    "enabled": false
  },
  "domain": "Quant-UX.com",
  "id": "6558c44cecc914091d258755",
  "screenCount": 3,
  "widgetCount": 25,
  "lastCategory": "WireFrame"
}